Name_Model,Score,High_Encoder,Low_Encoder
svc,0.13643786770905086,basen,basen
svc,0.13643786770905086,label,label
svc,0.13643786770905086,minhash,onehot
svc,0.941982608799199,basen,minhash
svc,0.12119363299260381,label,basen
svc,0.1208714775187753,minhash,label
svc,0.1204706663047481,basen,onehot
svc,0.06974732150904644,label,minhash
svc,0.07133786407814956,minhash,basen
svc,0.07133786407814956,basen,label
svc,0.07133786407814956,label,onehot
svc,0.06974732150904644,minhash,minhash
