Name_Model,Score,High_Encoder,Low_Encoder
svc,18.569087930092845,basen,basen
svc,18.569087930092845,label,label
svc,18.569087930092845,minhash,onehot
svc,95.84926269797924,basen,minhash
svc,20.480611687602405,label,basen
svc,20.42599672310213,minhash,label
svc,20.42599672310213,basen,onehot
svc,18.569087930092845,label,minhash
svc,20.75368651010377,minhash,basen
svc,20.75368651010377,basen,label
svc,20.75368651010377,label,onehot
svc,18.569087930092845,minhash,minhash
